Metric Type,Metric Name,Metric Value,Metric Description
Circuit size,Width,4,Number of qubits in the circuit
Circuit size,Depth,3,Maximum number of operations applied to a qubit in the circuit
Circuit density,MaxDens,1,Maximum number of operations applied to the circuit qubits in parallel
Circuit density,AvgDens,1,Average of the number of operations applied to the circuit qubits in parallel
Single qubit gates,NoP-X,0,Number of Pauli-X (NOT) gates
Single qubit gates,NoP-Y,0,Number of Pauli-Y gates
Single qubit gates,NoP-Z,0,Number of Pauli-Z gates
Single qubit gates,TNo-P,0,Total number of Pauli gates in the circuit (calculated as the addition of the previous three)
Single qubit gates,NoH,0,Number of Hadamard gates
Single qubit gates,%SpposQ,0,Ratio of qubits with a Hadamard gate as initial gate (qubits in superposition state)
Single qubit gates,NoOtherSG,0,Number of other single-qubit gates in the circuit
Single qubit gates,TNoSQG,0,Total number of single-qubit gates
Single qubit gates,TNoCSQG,0,Total number of controlled single-qubit gates
Multiple qubit gates,NoSWAP,2,Number of swap gates
Multiple qubit gates,NoCNOT,1,Number of Controlled NOT (CNOT) gates
Multiple qubit gates,%QInCNOT,0.5000,Ratio of qubits affected by CNOT gates (both the controlled and the target qubit in a CNOT will be considered as affected for the calculation of this metric)
Multiple qubit gates,AvgCNOT,0.2500,Average number of CNOT gates targeting any qubit of a circuit
Multiple qubit gates,MaxCNOT,1,Maximum number of CNOT gates targeting any qubit of a circuit
Multiple qubit gates,NoToff,0,Number of Toffoli gates
Multiple qubit gates,%QInToff,0,Ratio of qubits affected by Toffoli gates (the controlled qubit and the target qubits will be taken into account as affected for the calculation)
Multiple qubit gates,AvgToff,0,Average number of Toffoli gates targeting any qubit of a circuit
Multiple qubit gates,MaxToff,0,Maximum number of Toffoli gates targeting any qubit of a circuit
All gates,NoGates,3,Total number of gates in the circuit
All gates,NoCGates,1,Total number of controlled gates in the circuit
All gates,%SGates,0,Ratio single vs total gates
Oracles,NoOr,0,Number of oracles in the circuit
Oracles,NoCOr,0,Number of controlled oracles in the circuit
Oracles,%QInOr,0,Ratio of qubits affected by oracles. Only the non-controlled qubits of the oracle will be considered as affected for this metric.
Oracles,%QInCOr,0,Ratio of qubits affected by controlled oracles
Oracles,AvgOrD,0,Average depth of an oracle in the circuit
Oracles,MaxOrD,0,Maximum depth of an oracle in the circuit
Measurement gates,NoM,0,Number of measurement gates
Measurement gates,%QM,0,Ratio of qubits measured